{"epoch":0,"loss":0.6290670372545719,"_wandb":{"runtime":2},"batch loss":0.5054816603660583,"_timestamp":1.7458783544309914e+09,"_runtime":2.908649446,"_step":188}