{"acc":0.9338143603628445,"loss":0.078316146682893,"_timestamp":1.7458713431879258e+09,"_runtime":0.564997024,"_step":7,"_wandb":{"runtime":0}}