{"_timestamp":1.7458783645419304e+09,"_runtime":2.70999804,"_step":79,"loss":0.6208697644215596,"epoch":0,"_wandb":{"runtime":2},"batch loss":0.32609230279922485}