{"epoch":0,"loss":0.7435388493680668,"_wandb":{"runtime":2},"_timestamp":1.7458783699731274e+09,"_runtime":2.830051145,"_step":167,"batch loss":0.35175684094429016}