{"train/example_ct":60000,"val/val_accuracy":0.936,"val/val_loss":0.1917528212070465,"_runtime":10.060858776,"_step":469,"train/train_loss":0.1890767365694046,"test_accuracy":0.8,"train/epoch":5,"_timestamp":1.745872373099351e+09,"predictions_table":{"size":62424,"artifact_path":"wandb-client-artifact://u27f75o3oap778yfawp34ddusm4wemivvju0byavr1o5c2z1sy1m24mry0az6jg2lpi2tyrpnvm4ny0joz9ke0hxbzm05jslpwi2x6a9vav61zh4reru7keju9vmavrq/predictions_table.table.json","_latest_artifact_path":"wandb-client-artifact://1rekpn34ybe1oifu819wfby4773mh68yhp3ieo2jo4p1kfnr84461eqc5znkdorhk09q6s70odwulgi2rxmq4xx6h01azyzptos3ouw4tcorwx95lmxor30wjrcyk6rd:latest/predictions_table.table.json","path":"media/table/predictions_table_469_04ca2dbefc4018e66171.table.json","ncols":13,"nrows":256,"_type":"table-file","sha256":"04ca2dbefc4018e661719853766c2e95b5c2f8495878f6777a9ceec69dd93f13"},"_wandb":{"runtime":10}}