{"epoch":0,"_wandb":{"runtime":3},"batch loss":0.395445853471756,"_timestamp":1.7458783497352676e+09,"_runtime":3.3137105829999998,"_step":167,"loss":0.5174805397937398}