{"loss":2.51908722012601,"epoch":0,"_wandb":{"runtime":2},"_timestamp":1.7458783599715533e+09,"_runtime":2.961859653,"_step":188,"batch loss":0.9999091029167175}